aé	aé+PRON
aikwé	aikwé+V
aikwentu	aikwentu+ADV
aintá	aintá+PRON
aíwa	aíwa+A
aiwã	aiwã+V
akanga	akanga+N+SG
akanga-itá	akanga+N+PL
akangaíwa	akangaíwa+N+SG
akangaíwa-itá	akangaíwa+N+PL
akangaíwa	akangaíwa+A
akangaiwasawa	akangaiwasawa+N+SG
akangaiwasawa-itá	akangaiwasawa+N+PL
akangatara	akangatara+N+SG
akangatara-itá	akangatara+N+PL
akanhemu	akanhemu+V2
akarí	akarí+N+SG
akarí-itá	akarí+N+PL
akayú	akayú+N+SG
akayú-itá	akayú+N+PL
akayú	akayú+N+SG
akayú-itá	akayú+N+PL
akayutiwa	akayutiwa+N+SG
akayutiwa-itá	akayutiwa+N+PL
akití	akití+ADV
akwera	akwera+ADV
amana	amana+N+SG
amana-itá	amana+N+PL
amanawasú	amanawasú+N+SG
amanawasú-itá	amanawasú+N+PL
amaniú	amaniú+N+SG
amaniú-itá	amaniú+N+PL
ambira	ambira+N+SG
ambira-itá	ambira+N+PL
ambira	ambira+A
amú	amú+INDF
amũ	amũ+N+SG
amũ-itá	amũ+N+PL
amuramé	amuramé+ADV
ana	ana+PART
anama	anama+N+SG
anama-itá	anama+N+PL
anga	anga+N+SG
anga-itá	anga+N+PL
anhũ	anhũ+ADV
apara	apara+A2
ape	ape+ADV
ape	ape+CONJ
apekatú	apekatú+ADV
apekatú	apekatú+A
apigawa	apigawa+N+SG
apigawa-itá	apigawa+N+PL
apigawa	apigawa+A
apwã	apwã+A2
arã	arã+PART
arã	arã+ADP
ara	ara+N+SG
ara-itá	ara+N+PL
ara	ara+N+SG
ara-itá	ara+N+PL
ara	ara+N+SG
ara-itá	ara+N+PL
arama	arama+PART
arama	arama+ADP
aramé	aramé+ADV
aramenhuntu	aramenhuntu+ADV
arara	arara+N+SG
arara-itá	arara+N+PL
ararapewa	ararapewa+N+SG
ararapewa-itá	ararapewa+N+PL
ararupí	ararupí+ADP
arasá	arasá+N+SG
arasá-itá	arasá+N+PL
arawara	arawara+N+SG
arawara-itá	arawara+N+PL
arawara	arawara+A
aresé	aresé+CONJ
aria	aria+N+SG
aria-itá	aria+N+PL
ariré	ariré+ADV
árupi	árupi+ADP
-asú	-asú+SUFF
asuí	asuí+ADV
asuí	asuí+CONJ
awá	awá+INDF
awa	awa+N+SG
awa-itá	awa+N+PL
awá	awá+INT
awaeté	awaeté+A2
awaité	awaité+A2
awatí	awatí+N+SG
awatí-itá	awatí+N+PL
baniwa	baniwa+N+SG
baniwa-itá	baniwa+N+PL
bũa	bũa+QUANT
bũa	bũa+A
buya	buya+N+SG
buya-itá	buya+N+PL
darapí	darapí+N+SG
darapí-itá	darapí+N+PL
desana	desana+N+SG
desana-itá	desana+N+PL
eẽ	eẽ+PART
eré	eré+ADV
aganani	ganani+V+1+SG
reganani	ganani+V+2+SG
uganani	ganani+V+3
yaganani	ganani+V+1+PL
peganani	ganani+V+2+PL
taganani	ganani+V+3+PL
tauganani	ganani+V+3+PL
gantĩ	gantĩ+N+SG
gantĩ-itá	gantĩ+N+PL
garapá	garapá+N+SG
garapá-itá	garapá+N+PL
-i	-i+SUFF
i	i+PRON2
igara	igara+N+SG
igara-itá	igara+N+PL
igarapé	igarapé+N+SG
igarapé-itá	igarapé+N+PL
igarité	igarité+N+SG
igarité-itá	igarité+N+PL
ií	ií+N+SG
ií-itá	ií+N+PL
iké	iké+ADV
ikewara	ikewara+N+SG
ikewara-itá	ikewara+N+PL
ikewara	ikewara+A
aikú	ikú+V+1+SG
reikú	ikú+V+2+SG
uikú	ikú+V+3
yaikú	ikú+V+1+PL
peikú	ikú+V+2+PL
taikú	ikú+V+3+PL
tauikú	ikú+V+3+PL
aikuntu	ikuntu+V+1+SG
reikuntu	ikuntu+V+2+SG
uikuntu	ikuntu+V+3
yaikuntu	ikuntu+V+1+PL
peikuntu	ikuntu+V+2+PL
taikuntu	ikuntu+V+3+PL
tauikuntu	ikuntu+V+3+PL
aikupukú	ikupukú+V+1+SG
reikupukú	ikupukú+V+2+SG
uikupukú	ikupukú+V+3
yaikupukú	ikupukú+V+1+PL
peikupukú	ikupukú+V+2+PL
taikupukú	ikupukú+V+3+PL
tauikupukú	ikupukú+V+3+PL
-íma	-íma+SUFF
indé	indé+PRON
ipadú	ipadú+N+SG
ipadú-itá	ipadú+N+PL
íra	íra+N+SG
íra-itá	íra+N+PL
irirú	irirú+N+SG
irirú-itá	irirú+N+PL
irũmu	irũmu+ADP
irundí	irundí+NUM
irusanga	irusanga+N+SG
irusanga-itá	irusanga+N+PL
irusanga	irusanga+A
itá	itá+N+SG
itá-itá	itá+N+PL
itaité	itaité+N+SG
itaité-itá	itaité+N+PL
íwa	íwa+N+SG
íwa-itá	íwa+N+PL
iwaka	iwaka+N+SG
iwaka-itá	iwaka+N+PL
iwakapura	iwakapura+N+SG
iwakapura-itá	iwakapura+N+PL
iwakapura	iwakapura+A
iwakawara	iwakawara+N+SG
iwakawara-itá	iwakawara+N+PL
iwakawara	iwakawara+A
iwaté	iwaté+N+SG
iwaté-itá	iwaté+N+PL
iwaté	iwaté+A
iwí	iwí+N+SG
iwí-itá	iwí+N+PL
iwí-murutinga	iwí-murutinga+N+SG
iwí-murutinga-itá	iwí-murutinga+N+PL
iwisé	iwisé+N+SG
iwisé-itá	iwisé+N+PL
iwitú	iwitú+N+SG
iwitú-itá	iwitú+N+PL
ixé	ixé+PRON
kaá	kaá+N+SG
kaá-itá	kaá+N+PL
kaapura	kaapura+N+SG
kaapura-itá	kaapura+N+PL
kaapura	kaapura+A
kaawara	kaawara+N+SG
kaawara-itá	kaawara+N+PL
kaawara	kaawara+A
akái	kái+V+1+SG
rekái	kái+V+2+SG
ukái	kái+V+3
yakái	kái+V+1+PL
pekái	kái+V+2+PL
takái	kái+V+3+PL
taukái	kái+V+3+PL
kakurí	kakurí+N+SG
kakurí-itá	kakurí+N+PL
kambí	kambí+N+SG
kambí-itá	kambí+N+PL
kamixá	kamixá+N+SG
kamixá-itá	kamixá+N+PL
akamundú	kamundú+V+1+SG
rekamundú	kamundú+V+2+SG
ukamundú	kamundú+V+3
yakamundú	kamundú+V+1+PL
pekamundú	kamundú+V+2+PL
takamundú	kamundú+V+3+PL
taukamundú	kamundú+V+3+PL
kamundusara	kamundusara+N+SG
kamundusara-itá	kamundusara+N+PL
kamutí	kamutí+N+SG
kamutí-itá	kamutí+N+PL
kandirú	kandirú+N+SG
kandirú-itá	kandirú+N+PL
kanhimu	kanhimu+N+SG
kanhimu-itá	kanhimu+N+PL
kará	kará+N+SG
kará-itá	kará+N+PL
akarãi	karãi+V+1+SG
rekarãi	karãi+V+2+SG
ukarãi	karãi+V+3
yakarãi	karãi+V+1+PL
pekarãi	karãi+V+2+PL
takarãi	karãi+V+3+PL
taukarãi	karãi+V+3+PL
kariwa	kariwa+N+SG
kariwa-itá	kariwa+N+PL
karuka	karuka+N+SG
karuka-itá	karuka+N+PL
katú	katú+A2
katú	katú+ADV
katusawa	katusawa+N+SG
katusawa-itá	katusawa+N+PL
akaú	kaú+V+1+SG
rekaú	kaú+V+2+SG
ukaú	kaú+V+3
yakaú	kaú+V+1+PL
pekaú	kaú+V+2+PL
takaú	kaú+V+3+PL
taukaú	kaú+V+3+PL
kawarú	kawarú+N+SG
kawarú-itá	kawarú+N+PL
kawera	kawera+N+SG
kawera-itá	kawera+N+PL
kawĩ	kawĩ+N+SG
kawĩ-itá	kawĩ+N+PL
kawoka	kawoka+N+SG
kawoka-itá	kawoka+N+PL
kaxirí	kaxirí+N+SG
kaxirí-itá	kaxirí+N+PL
kaxiwera	kaxiwera+N+SG
kaxiwera-itá	kaxiwera+N+PL
kerpi	kerpi+V2
kiá	kiá+A2
kiínha	kiínha+N+SG
kiínha-itá	kiínha+N+PL
kirá	kirá+A2
akiri	kiri+V+1+SG
rekiri	kiri+V+2+SG
ukiri	kiri+V+3
yakiri	kiri+V+1+PL
pekiri	kiri+V+2+PL
takiri	kiri+V+3+PL
taukiri	kiri+V+3+PL
kirimbasawa	kirimbasawa+N+SG
kirimbasawa-itá	kirimbasawa+N+PL
kirimbawa	kirimbawa+N+SG
kirimbawa-itá	kirimbawa+N+PL
kirimbawa	kirimbawa+A
kisé	kisé+N+SG
kisé-itá	kisé+N+PL
kití	kití+ADP
akitika	kitika+V+1+SG
rekitika	kitika+V+2+SG
ukitika	kitika+V+3
yakitika	kitika+V+1+PL
pekitika	kitika+V+2+PL
takitika	kitika+V+3+PL
taukitika	kitika+V+3+PL
kitika	kitika+A
kitikasara	kitikasara+N+SG
kitikasara-itá	kitikasara+N+PL
kiwíra	kiwíra+N+SG
kiwíra-itá	kiwíra+N+PL
kuíri	kuíri+ADV
kuité	kuité+CONJ
kuité	kuité+ADV
kuiwara	kuiwara+N+SG
kuiwara-itá	kuiwara+N+PL
kumaíwa	kumaíwa+N+SG
kumaíwa-itá	kumaíwa+N+PL
kumandamirĩ	kumandamirĩ+N+SG
kumandamirĩ-itá	kumandamirĩ+N+PL
kunhã	kunhã+N+SG
kunhã-itá	kunhã+N+PL
kunhã	kunhã+A
kunhãmukú	kunhãmukú+N+SG
kunhãmukú-itá	kunhãmukú+N+PL
kunhãwara	kunhãwara+N+SG
kunhãwara-itá	kunhãwara+N+PL
kunhãwara	kunhãwara+A
akunheseri	kunheseri+V+1+SG
rekunheseri	kunheseri+V+2+SG
ukunheseri	kunheseri+V+3
yakunheseri	kunheseri+V+1+PL
pekunheseri	kunheseri+V+2+PL
takunheseri	kunheseri+V+3+PL
taukunheseri	kunheseri+V+3+PL
kupé	kupé+N+SG
kupé-itá	kupé+N+PL
kupiĩ	kupiĩ+N+SG
kupiĩ-itá	kupiĩ+N+PL
akupiri	kupiri+V+1+SG
rekupiri	kupiri+V+2+SG
ukupiri	kupiri+V+3
yakupiri	kupiri+V+1+PL
pekupiri	kupiri+V+2+PL
takupiri	kupiri+V+3+PL
taukupiri	kupiri+V+3+PL
kupixawa	kupixawa+N+SG
kupixawa-itá	kupixawa+N+PL
kupuasú	kupuasú+N+SG
kupuasú-itá	kupuasú+N+PL
kurasí	kurasí+N+SG
kurasí-itá	kurasí+N+PL
kurí	kurí+PART
kurumĩ	kurumĩ+N+SG
kurumĩ-itá	kurumĩ+N+PL
kurumĩwasú	kurumĩwasú+N+SG
kurumĩwasú-itá	kurumĩwasú+N+PL
kutara	kutara+ADV
kuxiíma	kuxiíma+ADV
kuximawara	kuximawara+N+SG
kuximawara-itá	kuximawara+N+PL
kuximawara	kuximawara+A
kuya	kuya+N+SG
kuya-itá	kuya+N+PL
kwá	kwá+DEM
kwá	kwá+ADV
kwaíra	kwaíra+A
kwara	kwara+N+SG
kwara-itá	kwara+N+PL
akwáu	kwáu+V+1+SG
rekwáu	kwáu+V+2+SG
ukwáu	kwáu+V+3
yakwáu	kwáu+V+1+PL
pekwáu	kwáu+V+2+PL
takwáu	kwáu+V+3+PL
taukwáu	kwáu+V+3+PL
kwayé	kwayé+ADV
kwekatú	kwekatú+A
kwema	kwema+N+SG
kwema-itá	kwema+N+PL
kwema	kwema+V2
kwemaité	kwemaité+ADV
kwera	kwera+A
kweré	kweré+A2
kwesé	kwesé+ADV
kwesentu	kwesentu+ADV
ma	ma+CONJ
maã	maã+INT
maã	maã+INDF
maã	maã+N+SG
maã-itá	maã+N+PL
amaã	maã+V+1+SG
remaã	maã+V+2+SG
umaã	maã+V+3
yamaã	maã+V+1+PL
pemaã	maã+V+2+PL
tamaã	maã+V+3+PL
taumaã	maã+V+3+PL
amaãĩ	maãĩ+V+1+SG
remaãĩ	maãĩ+V+2+SG
umaãĩ	maãĩ+V+3
yamaãĩ	maãĩ+V+1+PL
pemaãĩ	maãĩ+V+2+PL
tamaãĩ	maãĩ+V+3+PL
taumaãĩ	maãĩ+V+3+PL
maanungara	maanungara+INDF
maãsiyara	maãsiyara+N+SG
maãsiyara-itá	maãsiyara+N+PL
maãsiyara	maãsiyara+A
mairamé	mairamé+ADVR
mairamé	mairamé+CONJ
mairí	mairí+N+SG
mairí-itá	mairí+N+PL
amaité	maité+V+1+SG
remaité	maité+V+2+SG
umaité	maité+V+3
yamaité	maité+V+1+PL
pemaité	maité+V+2+PL
tamaité	maité+V+3+PL
taumaité	maité+V+3+PL
makaxera	makaxera+N+SG
makaxera-itá	makaxera+N+PL
makira	makira+N+SG
makira-itá	makira+N+PL
makití	makití+ADV
mamé	mamé+ADVR
manawara	manawara+N+SG
manawara-itá	manawara+N+PL
amandwari	mandwari+V+1+SG
remandwari	mandwari+V+2+SG
umandwari	mandwari+V+3
yamandwari	mandwari+V+1+PL
pemandwari	mandwari+V+2+PL
tamandwari	mandwari+V+3+PL
taumandwari	mandwari+V+3+PL
manha	manha+N+SG
manha-itá	manha+N+PL
maniaka	maniaka+N+SG
maniaka-itá	maniaka+N+PL
manikwera	manikwera+N+SG
manikwera-itá	manikwera+N+PL
maniwa	maniwa+N+SG
maniwa-itá	maniwa+N+PL
maniwatiwa	maniwatiwa+N+SG
maniwatiwa-itá	maniwatiwa+N+PL
amanũ	manũ+V+1+SG
remanũ	manũ+V+2+SG
umanũ	manũ+V+3
yamanũ	manũ+V+1+PL
pemanũ	manũ+V+2+PL
tamanũ	manũ+V+3+PL
taumanũ	manũ+V+3+PL
manungara	manungara+INDF
maãnungara	maãnungara+INDF
marã	marã+ADVR
maraari	maraari+A
amaramunhã	maramunhã+V+1+SG
remaramunhã	maramunhã+V+2+SG
umaramunhã	maramunhã+V+3
yamaramunhã	maramunhã+V+1+PL
pemaramunhã	maramunhã+V+2+PL
tamaramunhã	maramunhã+V+3+PL
taumaramunhã	maramunhã+V+3+PL
maramunhangara	maramunhangara+N+SG
maramunhangara-itá	maramunhangara+N+PL
marandua	marandua+N+SG
marandua-itá	marandua+N+PL
marantaá	marantaá+ADVR
marika	marika+N+SG
marika-itá	marika+N+PL
marupí	marupí+ADV
marupiara	marupiara+N+SG
marupiara-itá	marupiara+N+PL
marupiara	marupiara+A
masuí	masuí+ADV
amayana	mayana+V+1+SG
remayana	mayana+V+2+SG
umayana	mayana+V+3
yamayana	mayana+V+1+PL
pemayana	mayana+V+2+PL
tamayana	mayana+V+3+PL
taumayana	mayana+V+3+PL
mayawé	mayawé+CONJ
mayé	mayé+ADVR
mayé	mayé+CONJ
mayé	mayé+ADV
mayepé	mayepé+CONJ
ambaú	mbaú+V+1+SG
rembaú	mbaú+V+2+SG
umbaú	mbaú+V+3
yambaú	mbaú+V+1+PL
pembaú	mbaú+V+2+PL
tambaú	mbaú+V+3+PL
taumbaú	mbaú+V+3+PL
ambeú	mbeú+V+1+SG
rembeú	mbeú+V+2+SG
umbeú	mbeú+V+3
yambeú	mbeú+V+1+PL
pembeú	mbeú+V+2+PL
tambeú	mbeú+V+3+PL
taumbeú	mbeú+V+3+PL
mbira	mbira+N+SG
mbira-itá	mbira+N+PL
ambirari	mbirari+V+1+SG
rembirari	mbirari+V+2+SG
umbirari	mbirari+V+3
yambirari	mbirari+V+1+PL
pembirari	mbirari+V+2+PL
tambirari	mbirari+V+3+PL
taumbirari	mbirari+V+3+PL
ambué	mbué+V+1+SG
rembué	mbué+V+2+SG
umbué	mbué+V+3
yambué	mbué+V+1+PL
pembué	mbué+V+2+PL
tambué	mbué+V+3+PL
taumbué	mbué+V+3+PL
mbuesara	mbuesara+N+SG
mbuesara-itá	mbuesara+N+PL
mbuesawa	mbuesawa+N+SG
mbuesawa-itá	mbuesawa+N+PL
amburi	mburi+V+1+SG
remburi	mburi+V+2+SG
umburi	mburi+V+3
yamburi	mburi+V+1+PL
pemburi	mburi+V+2+PL
tamburi	mburi+V+3+PL
taumburi	mburi+V+3+PL
-me	-me+None
ameẽ	meẽ+V+1+SG
remeẽ	meẽ+V+2+SG
umeẽ	meẽ+V+3
yameẽ	meẽ+V+1+PL
pemeẽ	meẽ+V+2+PL
tameẽ	meẽ+V+3+PL
taumeẽ	meẽ+V+3+PL
meẽsara	meẽsara+N+SG
meẽsara-itá	meẽsara+N+PL
membeka	membeka+N+SG
membeka-itá	membeka+N+PL
membeka	membeka+A
amemũi	memũi+V+1+SG
rememũi	memũi+V+2+SG
umemũi	memũi+V+3
yamemũi	memũi+V+1+PL
pememũi	memũi+V+2+PL
tamemũi	memũi+V+3+PL
taumemũi	memũi+V+3+PL
memũingara	memũingara+N+SG
memũingara-itá	memũingara+N+PL
memũitawa	memũitawa+N+SG
memũitawa-itá	memũitawa+N+PL
memũitendawa	memũitendawa+N+SG
memũitendawa-itá	memũitendawa+N+PL
mena	mena+N+SG
mena-itá	mena+N+PL
amendari	mendari+V+1+SG
remendari	mendari+V+2+SG
umendari	mendari+V+3
yamendari	mendari+V+1+PL
pemendari	mendari+V+2+PL
tamendari	mendari+V+3+PL
taumendari	mendari+V+3+PL
merupí	merupí+ADV
meyú	meyú+N+SG
meyú-itá	meyú+N+PL
miapé	miapé+N+SG
miapé-itá	miapé+N+PL
mimbira	mimbira+N+SG
mimbira-itá	mimbira+N+PL
mimi	mimi+ADV
mimiwara	mimiwara+N+SG
mimiwara-itá	mimiwara+N+PL
mirá	mirá+N+SG
mirá-itá	mirá+N+PL
mira	mira+N+SG
mira-itá	mira+N+PL
mirĩ	mirĩ+A
mirĩ	mirĩ+ADV
mitima	mitima+N+SG
mitima-itá	mitima+N+PL
mituú	mituú+N+SG
mituú-itá	mituú+N+PL
mũ	mũ+N+SG
mũ-itá	mũ+N+PL
amuakú	muakú+V+1+SG
remuakú	muakú+V+2+SG
umuakú	muakú+V+3
yamuakú	muakú+V+1+PL
pemuakú	muakú+V+2+PL
tamuakú	muakú+V+3+PL
taumuakú	muakú+V+3+PL
amuatiri	muatiri+V+1+SG
remuatiri	muatiri+V+2+SG
umuatiri	muatiri+V+3
yamuatiri	muatiri+V+1+PL
pemuatiri	muatiri+V+2+PL
tamuatiri	muatiri+V+3+PL
taumuatiri	muatiri+V+3+PL
amuáu	muáu+V+1+SG
remuáu	muáu+V+2+SG
umuáu	muáu+V+3
yamuáu	muáu+V+1+PL
pemuáu	muáu+V+2+PL
tamuáu	muáu+V+3+PL
taumuáu	muáu+V+3+PL
amuéu	muéu+V+1+SG
remuéu	muéu+V+2+SG
umuéu	muéu+V+3
yamuéu	muéu+V+1+PL
pemuéu	muéu+V+2+PL
tamuéu	muéu+V+3+PL
taumuéu	muéu+V+3+PL
muíri	muíri+INDF
muíri	muíri+INT
amukameẽ	mukameẽ+V+1+SG
remukameẽ	mukameẽ+V+2+SG
umukameẽ	mukameẽ+V+3
yamukameẽ	mukameẽ+V+1+PL
pemukameẽ	mukameẽ+V+2+PL
tamukameẽ	mukameẽ+V+3+PL
taumukameẽ	mukameẽ+V+3+PL
mukũi	mukũi+NUM
mukũipú	mukũipú+NUM
pu pu	pu pu+NUM
mukũipumukũisawa	mukũipumukũisawa+NUM
mukũipumusapirisawa	mukũipumusapirisawa+NUM
mukũipusawa	mukũipusawa+NUM
mukũipuyepesawa	mukũipuyepesawa+NUM
mukũisawa	mukũisawa+NUM
amukwara	mukwara+V+1+SG
remukwara	mukwara+V+2+SG
umukwara	mukwara+V+3
yamukwara	mukwara+V+1+PL
pemukwara	mukwara+V+2+PL
tamukwara	mukwara+V+3+PL
taumukwara	mukwara+V+3+PL
amukwekatú	mukwekatú+V+1+SG
remukwekatú	mukwekatú+V+2+SG
umukwekatú	mukwekatú+V+3
yamukwekatú	mukwekatú+V+1+PL
pemukwekatú	mukwekatú+V+2+PL
tamukwekatú	mukwekatú+V+3+PL
taumukwekatú	mukwekatú+V+3+PL
amumurã	mumurã+V+1+SG
remumurã	mumurã+V+2+SG
umumurã	mumurã+V+3
yamumurã	mumurã+V+1+PL
pemumurã	mumurã+V+2+PL
tamumurã	mumurã+V+3+PL
taumumurã	mumurã+V+3+PL
amundá	mundá+V+1+SG
remundá	mundá+V+2+SG
umundá	mundá+V+3
yamundá	mundá+V+1+PL
pemundá	mundá+V+2+PL
tamundá	mundá+V+3+PL
taumundá	mundá+V+3+PL
mundawasú	mundawasú+N+SG
mundawasú-itá	mundawasú+N+PL
amundeka	mundeka+V+1+SG
remundeka	mundeka+V+2+SG
umundeka	mundeka+V+3
yamundeka	mundeka+V+1+PL
pemundeka	mundeka+V+2+PL
tamundeka	mundeka+V+3+PL
taumundeka	mundeka+V+3+PL
amundéu	mundéu+V+1+SG
remundéu	mundéu+V+2+SG
umundéu	mundéu+V+3
yamundéu	mundéu+V+1+PL
pemundéu	mundéu+V+2+PL
tamundéu	mundéu+V+3+PL
taumundéu	mundéu+V+3+PL
amundú	mundú+V+1+SG
remundú	mundú+V+2+SG
umundú	mundú+V+3
yamundú	mundú+V+1+PL
pemundú	mundú+V+2+PL
tamundú	mundú+V+3+PL
taumundú	mundú+V+3+PL
amungaturú	mungaturú+V+1+SG
remungaturú	mungaturú+V+2+SG
umungaturú	mungaturú+V+3
yamungaturú	mungaturú+V+1+PL
pemungaturú	mungaturú+V+2+PL
tamungaturú	mungaturú+V+3+PL
taumungaturú	mungaturú+V+3+PL
amungitá	mungitá+V+1+SG
remungitá	mungitá+V+2+SG
umungitá	mungitá+V+3
yamungitá	mungitá+V+1+PL
pemungitá	mungitá+V+2+PL
tamungitá	mungitá+V+3+PL
taumungitá	mungitá+V+3+PL
amunhã	munhã+V+1+SG
remunhã	munhã+V+2+SG
umunhã	munhã+V+3
yamunhã	munhã+V+1+PL
pemunhã	munhã+V+2+PL
tamunhã	munhã+V+3+PL
taumunhã	munhã+V+3+PL
munhangara	munhangara+N+SG
munhangara-itá	munhangara+N+PL
munhangara	munhangara+A
munhangawa	munhangawa+N+SG
munhangawa-itá	munhangawa+N+PL
amunuka	munuka+V+1+SG
remunuka	munuka+V+2+SG
umunuka	munuka+V+3
yamunuka	munuka+V+1+PL
pemunuka	munuka+V+2+PL
tamunuka	munuka+V+3+PL
taumunuka	munuka+V+3+PL
amupaka	mupaka+V+1+SG
remupaka	mupaka+V+2+SG
umupaka	mupaka+V+3
yamupaka	mupaka+V+1+PL
pemupaka	mupaka+V+2+PL
tamupaka	mupaka+V+3+PL
taumupaka	mupaka+V+3+PL
amupawa	mupawa+V+1+SG
remupawa	mupawa+V+2+SG
umupawa	mupawa+V+3
yamupawa	mupawa+V+1+PL
pemupawa	mupawa+V+2+PL
tamupawa	mupawa+V+3+PL
taumupawa	mupawa+V+3+PL
amuperewa	muperewa+V+1+SG
remuperewa	muperewa+V+2+SG
umuperewa	muperewa+V+3
yamuperewa	muperewa+V+1+PL
pemuperewa	muperewa+V+2+PL
tamuperewa	muperewa+V+3+PL
taumuperewa	muperewa+V+3+PL
amupinima	mupinima+V+1+SG
remupinima	mupinima+V+2+SG
umupinima	mupinima+V+3
yamupinima	mupinima+V+1+PL
pemupinima	mupinima+V+2+PL
tamupinima	mupinima+V+3+PL
taumupinima	mupinima+V+3+PL
mupinimasara	mupinimasara+N+SG
mupinimasara-itá	mupinimasara+N+PL
amupipika	mupipika+V+1+SG
remupipika	mupipika+V+2+SG
umupipika	mupipika+V+3
yamupipika	mupipika+V+1+PL
pemupipika	mupipika+V+2+PL
tamupipika	mupipika+V+3+PL
taumupipika	mupipika+V+3+PL
amupitá	mupitá+V+1+SG
remupitá	mupitá+V+2+SG
umupitá	mupitá+V+3
yamupitá	mupitá+V+1+PL
pemupitá	mupitá+V+2+PL
tamupitá	mupitá+V+3+PL
taumupitá	mupitá+V+3+PL
amupuka	mupuka+V+1+SG
remupuka	mupuka+V+2+SG
umupuka	mupuka+V+3
yamupuka	mupuka+V+1+PL
pemupuka	mupuka+V+2+PL
tamupuka	mupuka+V+3+PL
taumupuka	mupuka+V+3+PL
amupuranga	mupuranga+V+1+SG
remupuranga	mupuranga+V+2+SG
umupuranga	mupuranga+V+3
yamupuranga	mupuranga+V+1+PL
pemupuranga	mupuranga+V+2+PL
tamupuranga	mupuranga+V+3+PL
taumupuranga	mupuranga+V+3+PL
ampuranga	mpuranga+V+1+SG
rempuranga	mpuranga+V+2+SG
umpuranga	mpuranga+V+3
yampuranga	mpuranga+V+1+PL
pempuranga	mpuranga+V+2+PL
tampuranga	mpuranga+V+3+PL
taumpuranga	mpuranga+V+3+PL
amupuruã	mupuruã+V+1+SG
remupuruã	mupuruã+V+2+SG
umupuruã	mupuruã+V+3
yamupuruã	mupuruã+V+1+PL
pemupuruã	mupuruã+V+2+PL
tamupuruã	mupuruã+V+3+PL
taumupuruã	mupuruã+V+3+PL
amuputira	muputira+V+1+SG
remuputira	muputira+V+2+SG
umuputira	muputira+V+3
yamuputira	muputira+V+1+PL
pemuputira	muputira+V+2+PL
tamuputira	muputira+V+3+PL
taumuputira	muputira+V+3+PL
murakí	murakí+N+SG
murakí-itá	murakí+N+PL
murakimukũi	murakimukũi+N+SG
murakimukũi-itá	murakimukũi+N+PL
murakimusapiri	murakimusapiri+N+SG
murakimusapiri-itá	murakimusapiri+N+PL
murakipí	murakipí+N+SG
murakipí-itá	murakipí+N+PL
amurari	murari+V+1+SG
remurari	murari+V+2+SG
umurari	murari+V+3
yamurari	murari+V+1+PL
pemurari	murari+V+2+PL
tamurari	murari+V+3+PL
taumurari	murari+V+3+PL
murasí	murasí+N+SG
murasí-itá	murasí+N+PL
amuruakí	muruakí+V+1+SG
remuruakí	muruakí+V+2+SG
umuruakí	muruakí+V+3
yamuruakí	muruakí+V+1+PL
pemuruakí	muruakí+V+2+PL
tamuruakí	muruakí+V+3+PL
taumuruakí	muruakí+V+3+PL
amururú	mururú+V+1+SG
remururú	mururú+V+2+SG
umururú	mururú+V+3
yamururú	mururú+V+1+PL
pemururú	mururú+V+2+PL
tamururú	mururú+V+3+PL
taumururú	mururú+V+3+PL
murutinga	murutinga+A
amusaimbé	musaimbé+V+1+SG
remusaimbé	musaimbé+V+2+SG
umusaimbé	musaimbé+V+3
yamusaimbé	musaimbé+V+1+PL
pemusaimbé	musaimbé+V+2+PL
tamusaimbé	musaimbé+V+3+PL
taumusaimbé	musaimbé+V+3+PL
amusaka	musaka+V+1+SG
remusaka	musaka+V+2+SG
umusaka	musaka+V+3
yamusaka	musaka+V+1+PL
pemusaka	musaka+V+2+PL
tamusaka	musaka+V+3+PL
taumusaka	musaka+V+3+PL
amusakú	musakú+V+1+SG
remusakú	musakú+V+2+SG
umusakú	musakú+V+3
yamusakú	musakú+V+1+PL
pemusakú	musakú+V+2+PL
tamusakú	musakú+V+3+PL
taumusakú	musakú+V+3+PL
musapiri	musapiri+NUM
musapirisawa	musapirisawa+NUM
amusarái	musarái+V+1+SG
remusarái	musarái+V+2+SG
umusarái	musarái+V+3
yamusarái	musarái+V+1+PL
pemusarái	musarái+V+2+PL
tamusarái	musarái+V+3+PL
taumusarái	musarái+V+3+PL
amusasá	musasá+V+1+SG
remusasá	musasá+V+2+SG
umusasá	musasá+V+3
yamusasá	musasá+V+1+PL
pemusasá	musasá+V+2+PL
tamusasá	musasá+V+3+PL
taumusasá	musasá+V+3+PL
amusasiara	musasiara+V+1+SG
remusasiara	musasiara+V+2+SG
umusasiara	musasiara+V+3
yamusasiara	musasiara+V+1+PL
pemusasiara	musasiara+V+2+PL
tamusasiara	musasiara+V+3+PL
taumusasiara	musasiara+V+3+PL
amusemu	musemu+V+1+SG
remusemu	musemu+V+2+SG
umusemu	musemu+V+3
yamusemu	musemu+V+1+PL
pemusemu	musemu+V+2+PL
tamusemu	musemu+V+3+PL
taumusemu	musemu+V+3+PL
amusurí	musurí+V+1+SG
remusurí	musurí+V+2+SG
umusurí	musurí+V+3
yamusurí	musurí+V+1+PL
pemusurí	musurí+V+2+PL
tamusurí	musurí+V+3+PL
taumusurí	musurí+V+3+PL
amutawarí	mutawarí+V+1+SG
remutawarí	mutawarí+V+2+SG
umutawarí	mutawarí+V+3
yamutawarí	mutawarí+V+1+PL
pemutawarí	mutawarí+V+2+PL
tamutawarí	mutawarí+V+3+PL
taumutawarí	mutawarí+V+3+PL
amutianha	mutianha+V+1+SG
remutianha	mutianha+V+2+SG
umutianha	mutianha+V+3
yamutianha	mutianha+V+1+PL
pemutianha	mutianha+V+2+PL
tamutianha	mutianha+V+3+PL
taumutianha	mutianha+V+3+PL
amutiní	mutiní+V+1+SG
remutiní	mutiní+V+2+SG
umutiní	mutiní+V+3
yamutiní	mutiní+V+1+PL
pemutiní	mutiní+V+2+PL
tamutiní	mutiní+V+3+PL
taumutiní	mutiní+V+3+PL
amutipawa	mutipawa+V+1+SG
remutipawa	mutipawa+V+2+SG
umutipawa	mutipawa+V+3
yamutipawa	mutipawa+V+1+PL
pemutipawa	mutipawa+V+2+PL
tamutipawa	mutipawa+V+3+PL
taumutipawa	mutipawa+V+3+PL
amuturusú	muturusú+V+1+SG
remuturusú	muturusú+V+2+SG
umuturusú	muturusú+V+3
yamuturusú	muturusú+V+1+PL
pemuturusú	muturusú+V+2+PL
tamuturusú	muturusú+V+3+PL
taumuturusú	muturusú+V+3+PL
amuyana	muyana+V+1+SG
remuyana	muyana+V+2+SG
umuyana	muyana+V+3
yamuyana	muyana+V+1+PL
pemuyana	muyana+V+2+PL
tamuyana	muyana+V+3+PL
taumuyana	muyana+V+3+PL
amuyaxiú	muyaxiú+V+1+SG
remuyaxiú	muyaxiú+V+2+SG
umuyaxiú	muyaxiú+V+3
yamuyaxiú	muyaxiú+V+1+PL
pemuyaxiú	muyaxiú+V+2+PL
tamuyaxiú	muyaxiú+V+3+PL
taumuyaxiú	muyaxiú+V+3+PL
amuyeréu	muyeréu+V+1+SG
remuyeréu	muyeréu+V+2+SG
umuyeréu	muyeréu+V+3
yamuyeréu	muyeréu+V+1+PL
pemuyeréu	muyeréu+V+2+PL
tamuyeréu	muyeréu+V+3+PL
taumuyeréu	muyeréu+V+3+PL
nambí	nambí+N+SG
nambí-itá	nambí+N+PL
naná	naná+N+SG
naná-itá	naná+N+PL
anaseri	naseri+V+1+SG
renaseri	naseri+V+2+SG
unaseri	naseri+V+3
yanaseri	naseri+V+1+PL
penaseri	naseri+V+2+PL
tanaseri	naseri+V+3+PL
taunaseri	naseri+V+3+PL
ne	ne+PRON2
ne awá	ne awá+INDF
ne maã	ne maã+INDF
ne mairamé	ne mairamé+ADV
ne yepé	ne yepé+INDF
nhaã	nhaã+DEM
nhaaresé	nhaaresé+CONJ
nhaãsé	nhaãsé+CONJ
anharú	nharú+V+1+SG
renharú	nharú+V+2+SG
unharú	nharú+V+3
yanharú	nharú+V+1+PL
penharú	nharú+V+2+PL
tanharú	nharú+V+3+PL
taunharú	nharú+V+3+PL
anheẽ	nheẽ+V+1+SG
renheẽ	nheẽ+V+2+SG
unheẽ	nheẽ+V+3
yanheẽ	nheẽ+V+1+PL
penheẽ	nheẽ+V+2+PL
tanheẽ	nheẽ+V+3+PL
taunheẽ	nheẽ+V+3+PL
nheenga	nheenga+N+SG
nheenga-itá	nheenga+N+PL
anheengari	nheengari+V+1+SG
renheengari	nheengari+V+2+SG
unheengari	nheengari+V+3
yanheengari	nheengari+V+1+PL
penheengari	nheengari+V+2+PL
tanheengari	nheengari+V+3+PL
taunheengari	nheengari+V+3+PL
nheengarisara	nheengarisara+N+SG
nheengarisara-itá	nheengarisara+N+PL
nheengarisawa	nheengarisawa+N+SG
nheengarisawa-itá	nheengarisawa+N+PL
nheengatú	nheengatú+N+SG
nheengatú-itá	nheengatú+N+PL
nhuntu	nhuntu+ADV
nití	nití+ADV
nti	nti+ADV
nti awá	nti awá+INDF
nti maã	nti maã+INDF
nti yepé	nti yepé+INDF
-ntu	-ntu+None
pá	pá+INDF
paá	paá+PART
apaka	paka+V+1+SG
repaka	paka+V+2+SG
upaka	paka+V+3
yapaka	paka+V+1+PL
pepaka	paka+V+2+PL
tapaka	paka+V+3+PL
taupaka	paka+V+3+PL
pakuatiwa	pakuatiwa+N+SG
pakuatiwa-itá	pakuatiwa+N+PL
panhẽ	panhẽ+QUANT
papera	papera+N+SG
papera-itá	papera+N+PL
paranã	paranã+N+SG
paranã-itá	paranã+N+PL
paranãpura	paranãpura+N+SG
paranãpura-itá	paranãpura+N+PL
Paranãwasú	Paranãwasú+N+SG
Paranãwasú-itá	Paranãwasú+N+PL
paranãwasú	paranãwasú+N+SG
paranãwasú-itá	paranãwasú+N+PL
aparawaka	parawaka+V+1+SG
reparawaka	parawaka+V+2+SG
uparawaka	parawaka+V+3
yaparawaka	parawaka+V+1+PL
peparawaka	parawaka+V+2+PL
taparawaka	parawaka+V+3+PL
tauparawaka	parawaka+V+3+PL
pausawa	pausawa+N+SG
pausawa-itá	pausawa+N+PL
-pawa	-pawa+SUFF
pawa	pawa+INDF
apawa	pawa+V+1+SG
repawa	pawa+V+2+SG
upawa	pawa+V+3
yapawa	pawa+V+1+PL
pepawa	pawa+V+2+PL
tapawa	pawa+V+3+PL
taupawa	pawa+V+3+PL
paya	paya+N+SG
paya-itá	paya+N+PL
payé	payé+N+SG
payé-itá	payé+N+PL
pe	pe+PRON2
rapé	pé+N+CONT+SG
rapé-itá	pé+N+CONT+PL
sapé	pé+N+NCONT+SG
sapé-itá	pé+N+NCONT+PL
pé	pé+N+ABS+SG
pé-itá	pé+N+ABS+PL
penhẽ	penhẽ+PRON
pepú	pepú+N+SG
pepú-itá	pepú+N+PL
perewa	perewa+N+SG
perewa-itá	perewa+N+PL
apeyú	peyú+V+1+SG
repeyú	peyú+V+2+SG
upeyú	peyú+V+3
yapeyú	peyú+V+1+PL
pepeyú	peyú+V+2+PL
tapeyú	peyú+V+3+PL
taupeyú	peyú+V+3+PL
pi	pi+N+SG
pi-itá	pi+N+PL
piá	piá+N+SG
piá-itá	piá+N+PL
piaíwa	piaíwa+A
pikasú	pikasú+N+SG
pikasú-itá	pikasú+N+PL
apinaitika	pinaitika+V+1+SG
repinaitika	pinaitika+V+2+SG
upinaitika	pinaitika+V+3
yapinaitika	pinaitika+V+1+PL
pepinaitika	pinaitika+V+2+PL
tapinaitika	pinaitika+V+3+PL
taupinaitika	pinaitika+V+3+PL
pinaitikasara	pinaitikasara+N+SG
pinaitikasara-itá	pinaitikasara+N+PL
pindá	pindá+N+SG
pindá-itá	pindá+N+PL
pindaíwa	pindaíwa+N+SG
pindaíwa-itá	pindaíwa+N+PL
pindawa	pindawa+N+SG
pindawa-itá	pindawa+N+PL
pinima	pinima+A
pinimasara	pinimasara+N+SG
pinimasara-itá	pinimasara+N+PL
pinimasawa	pinimasawa+N+SG
pinimasawa-itá	pinimasawa+N+PL
pinimatawa	pinimatawa+N+SG
pinimatawa-itá	pinimatawa+N+PL
pira	pira+N+SG
pira-itá	pira+N+PL
pirá	pirá+N+SG
pirá-itá	pirá+N+PL
piraíwa	piraíwa+N+SG
piraíwa-itá	piraíwa+N+PL
piranga	piranga+A
apirari	pirari+V+1+SG
repirari	pirari+V+2+SG
upirari	pirari+V+3
yapirari	pirari+V+1+PL
pepirari	pirari+V+2+PL
tapirari	pirari+V+3+PL
taupirari	pirari+V+3+PL
pirarukú	pirarukú+N+SG
pirarukú-itá	pirarukú+N+PL
pirasua	pirasua+N+SG
pirasua-itá	pirasua+N+PL
pirasua	pirasua+A
pirera	pirera+N+SG
pirera-itá	pirera+N+PL
piri	piri+ADV
piri	piri+ADP
apiripana	piripana+V+1+SG
repiripana	piripana+V+2+SG
upiripana	piripana+V+3
yapiripana	piripana+V+1+PL
pepiripana	piripana+V+2+PL
tapiripana	piripana+V+3+PL
taupiripana	piripana+V+3+PL
piripanasawa	piripanasawa+N+SG
piripanasawa-itá	piripanasawa+N+PL
apiruka	piruka+V+1+SG
repiruka	piruka+V+2+SG
upiruka	piruka+V+3
yapiruka	piruka+V+1+PL
pepiruka	piruka+V+2+PL
tapiruka	piruka+V+3+PL
taupiruka	piruka+V+3+PL
pisasú	pisasú+A
pisawera	pisawera+N+SG
pisawera-itá	pisawera+N+PL
pisayé	pisayé+N+SG
pisayé-itá	pisayé+N+PL
apisika	pisika+V+1+SG
repisika	pisika+V+2+SG
upisika	pisika+V+3
yapisika	pisika+V+1+PL
pepisika	pisika+V+2+PL
tapisika	pisika+V+3+PL
taupisika	pisika+V+3+PL
apisirũ	pisirũ+V+1+SG
repisirũ	pisirũ+V+2+SG
upisirũ	pisirũ+V+3
yapisirũ	pisirũ+V+1+PL
pepisirũ	pisirũ+V+2+PL
tapisirũ	pisirũ+V+3+PL
taupisirũ	pisirũ+V+3+PL
apitá	pitá+V+1+SG
repitá	pitá+V+2+SG
upitá	pitá+V+3
yapitá	pitá+V+1+PL
pepitá	pitá+V+2+PL
tapitá	pitá+V+3+PL
taupitá	pitá+V+3+PL
pitera	pitera+N+SG
pitera-itá	pitera+N+PL
piterarupí	piterarupí+ADP
pitérupi	pitérupi+ADP
apitimũ	pitimũ+V+1+SG
repitimũ	pitimũ+V+2+SG
upitimũ	pitimũ+V+3
yapitimũ	pitimũ+V+1+PL
pepitimũ	pitimũ+V+2+PL
tapitimũ	pitimũ+V+3+PL
taupitimũ	pitimũ+V+3+PL
pitua	pitua+A
pituna	pituna+N+SG
pituna-itá	pituna+N+PL
apituú	pituú+V+1+SG
repituú	pituú+V+2+SG
upituú	pituú+V+3
yapituú	pituú+V+1+PL
pepituú	pituú+V+2+PL
tapituú	pituú+V+3+PL
taupituú	pituú+V+3+PL
pixana	pixana+N+SG
pixana-itá	pixana+N+PL
pixuna	pixuna+A
pixunasawa	pixunasawa+N+SG
pixunasawa-itá	pixunasawa+N+PL
pu	pu+N+SG
pu-itá	pu+N+PL
apuamu	puamu+V+1+SG
repuamu	puamu+V+2+SG
upuamu	puamu+V+3
yapuamu	puamu+V+1+PL
pepuamu	puamu+V+2+PL
tapuamu	puamu+V+3+PL
taupuamu	puamu+V+3+PL
apuẽ	puẽ+V+1+SG
repuẽ	puẽ+V+2+SG
upuẽ	puẽ+V+3
yapuẽ	puẽ+V+1+PL
pepuẽ	puẽ+V+2+PL
tapuẽ	puẽ+V+3+PL
taupuẽ	puẽ+V+3+PL
apuíri	puíri+V+1+SG
repuíri	puíri+V+2+SG
upuíri	puíri+V+3
yapuíri	puíri+V+1+PL
pepuíri	puíri+V+2+PL
tapuíri	puíri+V+3+PL
taupuíri	puíri+V+3+PL
puirundí	puirundí+NUM
puirundisawa	puirundisawa+NUM
apuká	puká+V+1+SG
repuká	puká+V+2+SG
upuká	puká+V+3
yapuká	puká+V+1+PL
pepuká	puká+V+2+PL
tapuká	puká+V+3+PL
taupuká	puká+V+3+PL
pukú	pukú+A2
pukusawa	pukusawa+ADP
pukusawa	pukusawa+CONJ
pumukũi	pumukũi+NUM
pumukũisawa	pumukũisawa+NUM
pumusapiri	pumusapiri+NUM
pumusapirisawa	pumusapirisawa+NUM
pupé	pupé+ADP
apupeka	pupeka+V+1+SG
repupeka	pupeka+V+2+SG
upupeka	pupeka+V+3
yapupeka	pupeka+V+1+PL
pepupeka	pupeka+V+2+PL
tapupeka	pupeka+V+3+PL
taupupeka	pupeka+V+3+PL
apupuka	pupuka+V+1+SG
repupuka	pupuka+V+2+SG
upupuka	pupuka+V+3
yapupuka	pupuka+V+1+PL
pepupuka	pupuka+V+2+PL
tapupuka	pupuka+V+3+PL
taupupuka	pupuka+V+3+PL
pupusawa	pupusawa+NUM
pura	pura+A
-pura	-pura+SUFF
apurakari	purakari+V+1+SG
repurakari	purakari+V+2+SG
upurakari	purakari+V+3
yapurakari	purakari+V+1+PL
pepurakari	purakari+V+2+PL
tapurakari	purakari+V+3+PL
taupurakari	purakari+V+3+PL
apurakí	purakí+V+1+SG
repurakí	purakí+V+2+SG
upurakí	purakí+V+3
yapurakí	purakí+V+1+PL
pepurakí	purakí+V+2+PL
tapurakí	purakí+V+3+PL
taupurakí	purakí+V+3+PL
purakisawa	purakisawa+N+SG
purakisawa-itá	purakisawa+N+PL
apurandú	purandú+V+1+SG
repurandú	purandú+V+2+SG
upurandú	purandú+V+3
yapurandú	purandú+V+1+PL
pepurandú	purandú+V+2+PL
tapurandú	purandú+V+3+PL
taupurandú	purandú+V+3+PL
purandusawa	purandusawa+N+SG
purandusawa-itá	purandusawa+N+PL
puranga	puranga+A
puranga	puranga+ADV
purangasawa	purangasawa+N+SG
purangasawa-itá	purangasawa+N+PL
apurasí	purasí+V+1+SG
repurasí	purasí+V+2+SG
upurasí	purasí+V+3
yapurasí	purasí+V+1+PL
pepurasí	purasí+V+2+PL
tapurasí	purasí+V+3+PL
taupurasí	purasí+V+3+PL
purasisawa	purasisawa+N+SG
purasisawa-itá	purasisawa+N+PL
apuri	puri+V+1+SG
repuri	puri+V+2+SG
upuri	puri+V+3
yapuri	puri+V+1+PL
pepuri	puri+V+2+PL
tapuri	puri+V+3+PL
taupuri	puri+V+3+PL
puruã	puruã+A
apurungitá	purungitá+V+1+SG
repurungitá	purungitá+V+2+SG
upurungitá	purungitá+V+3
yapurungitá	purungitá+V+1+PL
pepurungitá	purungitá+V+2+PL
tapurungitá	purungitá+V+3+PL
taupurungitá	purungitá+V+3+PL
pururé	pururé+N+SG
pururé-itá	pururé+N+PL
pusé	pusé+A2
aputari	putari+V+1+SG
reputari	putari+V+2+SG
uputari	putari+V+3
yaputari	putari+V+1+PL
peputari	putari+V+2+PL
taputari	putari+V+3+PL
tauputari	putari+V+3+PL
putiá	putiá+N+SG
putiá-itá	putiá+N+PL
putira	putira+N+SG
putira-itá	putira+N+PL
apuú	puú+V+1+SG
repuú	puú+V+2+SG
upuú	puú+V+3
yapuú	puú+V+1+PL
pepuú	puú+V+2+PL
tapuú	puú+V+3+PL
taupuú	puú+V+3+PL
puxí	puxí+A
puxí	puxí+ADV
puxirungara	puxirungara+N+SG
puxirungara-itá	puxirungara+N+PL
puxiwera	puxiwera+A
puxiwera	puxiwera+ADV
puyepé	puyepé+NUM
puyepesawa	puyepesawa+NUM
pwãpé	pwãpé+N+SG
pwãpé-itá	pwãpé+N+PL
raẽ	raẽ+ADV
rakakwera	rakakwera+ADP+CONT
sakakwera	rakakwera+ADP+NCONT
rakú	rakú+A2+CONT
sakú	rakú+A2+NCONT
ramé	ramé+CONJ
ramé	ramé+ADP
-rana	-rana+SUFF
arasú	rasú+V+1+SG
rerasú	rasú+V+2+SG
urasú	rasú+V+3
yarasú	rasú+V+1+PL
perasú	rasú+V+2+PL
tarasú	rasú+V+3+PL
taurasú	rasú+V+3+PL
rẽ	rẽ+ADV
renundé	renundé+ADP+CONT
senundé	renundé+ADP+NCONT
resarái	resarái+V2+CONT
sesarái	resarái+V2+NCONT
resé	resé+ADP+CONT
sesé	resé+ADP+NCONT
resewara	resewara+ADP+CONT
sesewara	resewara+ADP+NCONT
retana	retana+ADVS
reté	reté+ADVS
arikú	rikú+V+1+SG
rerikú	rikú+V+2+SG
urikú	rikú+V+3
yarikú	rikú+V+1+PL
perikú	rikú+V+2+PL
tarikú	rikú+V+3+PL
taurikú	rikú+V+3+PL
rikwé	rikwé+A2+CONT
sikwé	rikwé+A2+NCONT
riré	riré+ADP
ruakí	ruakí+ADP+CONT
suakí	ruakí+ADP+NCONT
ruakiwara	ruakiwara+A+CONT
suakiwara	ruakiwara+A+NCONT
rupí	rupí+ADP
rurí	rurí+A2+CONT
surí	rurí+A2+NCONT
aruri	ruri+V+1+SG
reruri	ruri+V+2+SG
ururi	ruri+V+3
yaruri	ruri+V+1+PL
peruri	ruri+V+2+PL
taruri	ruri+V+3+PL
taururi	ruri+V+3+PL
aruyari	ruyari+V+1+SG
reruyari	ruyari+V+2+SG
uruyari	ruyari+V+3
yaruyari	ruyari+V+1+PL
peruyari	ruyari+V+2+PL
taruyari	ruyari+V+3+PL
tauruyari	ruyari+V+3+PL
asaã	saã+V+1+SG
resaã	saã+V+2+SG
usaã	saã+V+3
yasaã	saã+V+1+PL
pesaã	saã+V+2+PL
tasaã	saã+V+3+PL
tausaã	saã+V+3+PL
raanga	saanga+N+CONT+SG
raanga-itá	saanga+N+CONT+PL
saanga	saanga+N+NCONT+SG
saanga-itá	saanga+N+NCONT+PL
saanga	saanga+N+ABS+SG
saanga-itá	saanga+N+ABS+PL
saimbé	saimbé+A
asaisú	saisú+V+1+SG
resaisú	saisú+V+2+SG
usaisú	saisú+V+3
yasaisú	saisú+V+1+PL
pesaisú	saisú+V+2+PL
tasaisú	saisú+V+3+PL
tausaisú	saisú+V+3+PL
asaisú	saisú+V+1+SG
resaisú	saisú+V+2+SG
usaisú	saisú+V+3
yasaisú	saisú+V+1+PL
pesaisú	saisú+V+2+PL
tasaisú	saisú+V+3+PL
tausaisú	saisú+V+3+PL
saisusawa	saisusawa+N+SG
saisusawa-itá	saisusawa+N+PL
rakanga	sakanga+N+CONT+SG
rakanga-itá	sakanga+N+CONT+PL
sakanga	sakanga+N+NCONT+SG
sakanga-itá	sakanga+N+NCONT+PL
sakanga	sakanga+N+ABS+SG
sakanga-itá	sakanga+N+ABS+PL
sakurana	sakurana+A
rakusawa	sakusawa+N+CONT+SG
rakusawa-itá	sakusawa+N+CONT+PL
sakusawa	sakusawa+N+NCONT+SG
sakusawa-itá	sakusawa+N+NCONT+PL
sakusawa	sakusawa+N+ABS+SG
sakusawa-itá	sakusawa+N+ABS+PL
rangawa	sangawa+N+CONT+SG
rangawa-itá	sangawa+N+CONT+PL
sangawa	sangawa+N+NCONT+SG
sangawa-itá	sangawa+N+NCONT+PL
sangawa	sangawa+N+ABS+SG
sangawa-itá	sangawa+N+ABS+PL
ranha	sanha+N+CONT+SG
ranha-itá	sanha+N+CONT+PL
sanha	sanha+N+NCONT+SG
sanha-itá	sanha+N+NCONT+PL
sanha	sanha+N+ABS+SG
sanha-itá	sanha+N+ABS+PL
santá	santá+A
asapí	sapí+V+1+SG
resapí	sapí+V+2+SG
usapí	sapí+V+3
yasapí	sapí+V+1+PL
pesapí	sapí+V+2+PL
tasapí	sapí+V+3+PL
tausapí	sapí+V+3+PL
rapú	sapú+N+CONT+SG
rapú-itá	sapú+N+CONT+PL
sapú	sapú+N+NCONT+SG
sapú-itá	sapú+N+NCONT+PL
sapú	sapú+N+ABS+SG
sapú-itá	sapú+N+ABS+PL
sapukaya	sapukaya+N+SG
sapukaya-itá	sapukaya+N+PL
asarú	sarú+V+1+SG
resarú	sarú+V+2+SG
usarú	sarú+V+3
yasarú	sarú+V+1+PL
pesarú	sarú+V+2+PL
tasarú	sarú+V+3+PL
tausarú	sarú+V+3+PL
asasá	sasá+V+1+SG
resasá	sasá+V+2+SG
usasá	sasá+V+3
yasasá	sasá+V+1+PL
pesasá	sasá+V+2+PL
tasasá	sasá+V+3+PL
tausasá	sasá+V+3+PL
asasemu	sasemu+V+1+SG
resasemu	sasemu+V+2+SG
usasemu	sasemu+V+3
yasasemu	sasemu+V+1+PL
pesasemu	sasemu+V+2+PL
tasasemu	sasemu+V+3+PL
tausasemu	sasemu+V+3+PL
sasiara	sasiara+A
sasisawa	sasisawa+N+SG
sasisawa-itá	sasisawa+N+PL
saurú	saurú+N+SG
saurú-itá	saurú+N+PL
-sawa	-sawa+SUFF
rawa	sawa+N+CONT+SG
rawa-itá	sawa+N+CONT+PL
sawa	sawa+N+NCONT+SG
sawa-itá	sawa+N+NCONT+PL
sawa	sawa+N+ABS+SG
sawa-itá	sawa+N+ABS+PL
sé	sé+A
sé	sé+ADV
se	se+PRON2
seẽ	seẽ+A
seẽ	seẽ+N+SG
seẽ-itá	seẽ+N+PL
rekuyara	sekuyara+N+CONT+SG
rekuyara-itá	sekuyara+N+CONT+PL
sekuyara	sekuyara+N+NCONT+SG
sekuyara-itá	sekuyara+N+NCONT+PL
sekuyara	sekuyara+N+ABS+SG
sekuyara-itá	sekuyara+N+ABS+PL
rekuyaramirĩ	sekuyaramirĩ+N+CONT+SG
rekuyaramirĩ-itá	sekuyaramirĩ+N+CONT+PL
sekuyaramirĩ	sekuyaramirĩ+N+NCONT+SG
sekuyaramirĩ-itá	sekuyaramirĩ+N+NCONT+PL
sekuyaramirĩ	sekuyaramirĩ+N+ABS+SG
sekuyaramirĩ-itá	sekuyaramirĩ+N+ABS+PL
asemu	semu+V+1+SG
resemu	semu+V+2+SG
usemu	semu+V+3
yasemu	semu+V+1+PL
pesemu	semu+V+2+PL
tasemu	semu+V+3+PL
tausemu	semu+V+3+PL
asendú	sendú+V+1+SG
resendú	sendú+V+2+SG
usendú	sendú+V+3
yasendú	sendú+V+1+PL
pesendú	sendú+V+2+PL
tasendú	sendú+V+3+PL
tausendú	sendú+V+3+PL
asenũi	senũi+V+1+SG
resenũi	senũi+V+2+SG
usenũi	senũi+V+3
yasenũi	senũi+V+1+PL
pesenũi	senũi+V+2+PL
tasenũi	senũi+V+3+PL
tausenũi	senũi+V+3+PL
sepí	sepí+N+SG
sepí-itá	sepí+N+PL
sepiasú	sepiasú+A
sepiasuíma	sepiasuíma+A
asepiasumeẽ	sepiasumeẽ+V+1+SG
resepiasumeẽ	sepiasumeẽ+V+2+SG
usepiasumeẽ	sepiasumeẽ+V+3
yasepiasumeẽ	sepiasumeẽ+V+1+PL
pesepiasumeẽ	sepiasumeẽ+V+2+PL
tasepiasumeẽ	sepiasumeẽ+V+3+PL
tausepiasumeẽ	sepiasumeẽ+V+3+PL
rera	sera+N+CONT+SG
rera-itá	sera+N+CONT+PL
sera	sera+N+NCONT+SG
sera-itá	sera+N+NCONT+PL
sera	sera+N+ABS+SG
sera-itá	sera+N+ABS+PL
será	será+PART
aseréu	seréu+V+1+SG
reseréu	seréu+V+2+SG
useréu	seréu+V+3
yaseréu	seréu+V+1+PL
peseréu	seréu+V+2+PL
taseréu	seréu+V+3+PL
tauseréu	seréu+V+3+PL
resá	sesá+N+CONT+SG
resá-itá	sesá+N+CONT+PL
sesá	sesá+N+NCONT+SG
sesá-itá	sesá+N+NCONT+PL
sesá	sesá+N+ABS+SG
sesá-itá	sesá+N+ABS+PL
resayukisé	sesayukisé+N+CONT+SG
resayukisé-itá	sesayukisé+N+CONT+PL
sesayukisé	sesayukisé+N+NCONT+SG
sesayukisé-itá	sesayukisé+N+NCONT+PL
sesayukisé	sesayukisé+N+ABS+SG
sesayukisé-itá	sesayukisé+N+ABS+PL
retimã	setimã+N+CONT+SG
retimã-itá	setimã+N+CONT+PL
setimã	setimã+N+NCONT+SG
setimã-itá	setimã+N+NCONT+PL
setimã	setimã+N+ABS+SG
setimã-itá	setimã+N+ABS+PL
siía	siía+QUANT
asika	sika+V+1+SG
resika	sika+V+2+SG
usika	sika+V+3
yasika	sika+V+1+PL
pesika	sika+V+2+PL
tasika	sika+V+3+PL
tausika	sika+V+3+PL
asikari	sikari+V+1+SG
resikari	sikari+V+2+SG
usikari	sikari+V+3
yasikari	sikari+V+1+PL
pesikari	sikari+V+2+PL
tasikari	sikari+V+3+PL
tausikari	sikari+V+3+PL
asikié	sikié+V+1+SG
resikié	sikié+V+2+SG
usikié	sikié+V+3
yasikié	sikié+V+1+PL
pesikié	sikié+V+2+PL
tasikié	sikié+V+3+PL
tausikié	sikié+V+3+PL
sikiesawa	sikiesawa+N+SG
sikiesawa-itá	sikiesawa+N+PL
rikwé	sikwé+N+CONT+SG
rikwé-itá	sikwé+N+CONT+PL
sikwé	sikwé+N+NCONT+SG
sikwé-itá	sikwé+N+NCONT+PL
sikwé	sikwé+N+ABS+SG
sikwé-itá	sikwé+N+ABS+PL
rikwesawa	sikwesawa+N+CONT+SG
rikwesawa-itá	sikwesawa+N+CONT+PL
sikwesawa	sikwesawa+N+NCONT+SG
sikwesawa-itá	sikwesawa+N+NCONT+PL
sikwesawa	sikwesawa+N+ABS+SG
sikwesawa-itá	sikwesawa+N+ABS+PL
rimirikú	simirikú+N+CONT+SG
rimirikú-itá	simirikú+N+CONT+PL
simirikú	simirikú+N+NCONT+SG
simirikú-itá	simirikú+N+NCONT+PL
ximirikú	simirikú+N+NCONT+SG
ximirikú-itá	simirikú+N+NCONT+PL
simirikú	simirikú+N+ABS+SG
simirikú-itá	simirikú+N+ABS+PL
rimirikú-putawa	simirikú-putawa+N+CONT+SG
rimirikú-putawa-itá	simirikú-putawa+N+CONT+PL
simirikú-putawa	simirikú-putawa+N+NCONT+SG
simirikú-putawa-itá	simirikú-putawa+N+NCONT+PL
simirikú-putawa	simirikú-putawa+N+ABS+SG
simirikú-putawa-itá	simirikú-putawa+N+ABS+PL
asu	su+V+1+SG
resu	su+V+2+SG
usu	su+V+3
yasu	su+V+1+PL
pesu	su+V+2+PL
tasu	su+V+3+PL
tausu	su+V+3+PL
ruá	suá+N+CONT+SG
ruá-itá	suá+N+CONT+PL
suá	suá+N+NCONT+SG
suá-itá	suá+N+NCONT+PL
suá	suá+N+ABS+SG
suá-itá	suá+N+ABS+PL
asuantí	suantí+V+1+SG
resuantí	suantí+V+2+SG
usuantí	suantí+V+3
yasuantí	suantí+V+1+PL
pesuantí	suantí+V+2+PL
tasuantí	suantí+V+3+PL
tausuantí	suantí+V+3+PL
suasú	suasú+N+SG
suasú-itá	suasú+N+PL
ruaxara	suaxara+N+CONT+SG
ruaxara-itá	suaxara+N+CONT+PL
suaxara	suaxara+N+NCONT+SG
suaxara-itá	suaxara+N+NCONT+PL
suaxara	suaxara+N+ABS+SG
suaxara-itá	suaxara+N+ABS+PL
asuaxara	suaxara+V+1+SG
resuaxara	suaxara+V+2+SG
usuaxara	suaxara+V+3
yasuaxara	suaxara+V+1+PL
pesuaxara	suaxara+V+2+PL
tasuaxara	suaxara+V+3+PL
tausuaxara	suaxara+V+3+PL
ruaya	suaya+N+CONT+SG
ruaya-itá	suaya+N+CONT+PL
suaya	suaya+N+NCONT+SG
suaya-itá	suaya+N+NCONT+PL
suaya	suaya+N+ABS+SG
suaya-itá	suaya+N+ABS+PL
suí	suí+ADP
suiwara	suiwara+ADP
rikusawa	sikusawa+N+CONT+SG
rikusawa-itá	sikusawa+N+CONT+PL
sikusawa	sikusawa+N+NCONT+SG
sikusawa-itá	sikusawa+N+NCONT+PL
sikusawa	sikusawa+N+ABS+SG
sikusawa-itá	sikusawa+N+ABS+PL
rukwera	sukwera+N+CONT+SG
rukwera-itá	sukwera+N+CONT+PL
sukwera	sukwera+N+NCONT+SG
sukwera-itá	sukwera+N+NCONT+PL
sukwera	sukwera+N+ABS+SG
sukwera-itá	sukwera+N+ABS+PL
rumitera	sumitera+N+CONT+SG
rumitera-itá	sumitera+N+CONT+PL
sumitera	sumitera+N+NCONT+SG
sumitera-itá	sumitera+N+NCONT+PL
sumitera	sumitera+N+ABS+SG
sumitera-itá	sumitera+N+ABS+PL
rumuara	sumuara+N+CONT+SG
rumuara-itá	sumuara+N+CONT+PL
sumuara	sumuara+N+NCONT+SG
sumuara-itá	sumuara+N+NCONT+PL
sumuara	sumuara+N+ABS+SG
sumuara-itá	sumuara+N+ABS+PL
supapáu	supapáu+N+SG
supapáu-itá	supapáu+N+PL
supé	supé+ADP
supí	supí+ADV
rupiá	supiá+N+CONT+SG
rupiá-itá	supiá+N+CONT+PL
supiá	supiá+N+NCONT+SG
supiá-itá	supiá+N+NCONT+PL
supiá	supiá+N+ABS+SG
supiá-itá	supiá+N+ABS+PL
asupiri	supiri+V+1+SG
resupiri	supiri+V+2+SG
usupiri	supiri+V+3
yasupiri	supiri+V+1+PL
pesupiri	supiri+V+2+PL
tasupiri	supiri+V+3+PL
tausupiri	supiri+V+3+PL
supisawa	supisawa+N+SG
supisawa-itá	supisawa+N+PL
rupítá	supitá+N+CONT+SG
rupítá-itá	supitá+N+CONT+PL
supitá	supitá+N+NCONT+SG
supitá-itá	supitá+N+NCONT+PL
supitá	supitá+N+ABS+SG
supitá-itá	supitá+N+ABS+PL
rupítá	supitá+N+CONT+SG
rupítá-itá	supitá+N+CONT+PL
supitá	supitá+N+NCONT+SG
supitá-itá	supitá+N+NCONT+PL
supitá	supitá+N+ABS+SG
supitá-itá	supitá+N+ABS+PL
surara	surara+N+SG
surara-itá	surara+N+PL
rurisawa	surisawa+N+CONT+SG
rurisawa-itá	surisawa+N+CONT+PL
surisawa	surisawa+N+NCONT+SG
surisawa-itá	surisawa+N+NCONT+PL
surisawa	surisawa+N+ABS+SG
surisawa-itá	surisawa+N+ABS+PL
suriwara	suriwara+N+SG
suriwara-itá	suriwara+N+PL
suriwara	suriwara+A
suruka	suruka+A
suú	suú+N+SG
suú-itá	suú+N+PL
asuú	suú+V+1+SG
resuú	suú+V+2+SG
usuú	suú+V+3
yasuú	suú+V+1+PL
pesuú	suú+V+2+PL
tasuú	suú+V+3+PL
tausuú	suú+V+3+PL
asuú-suú	suú-suú+V+1+SG
resuú-suú	suú-suú+V+2+SG
usuú-suú	suú-suú+V+3
yasuú-suú	suú-suú+V+1+PL
pesuú-suú	suú-suú+V+2+PL
tasuú-suú	suú-suú+V+3+PL
tausuú-suú	suú-suú+V+3+PL
tá	tá+PRON
taína	taína+N+SG
taína-itá	taína+N+PL
tainasawa	tainasawa+N+SG
tainasawa-itá	tainasawa+N+PL
raínha	taínha+N+CONT+SG
raínha-itá	taínha+N+CONT+PL
saínha	taínha+N+NCONT+SG
saínha-itá	taínha+N+NCONT+PL
taínha	taínha+N+ABS+SG
taínha-itá	taínha+N+ABS+PL
raíra	taíra+N+CONT+SG
raíra-itá	taíra+N+CONT+PL
taíra	taíra+N+NCONT+SG
taíra-itá	taíra+N+NCONT+PL
taíra	taíra+N+ABS+SG
taíra-itá	taíra+N+ABS+PL
taité!	taité!+INTJ
raití	taití+N+CONT+SG
raití-itá	taití+N+CONT+PL
saití	taití+N+NCONT+SG
saití-itá	taití+N+NCONT+PL
taití	taití+N+ABS+SG
taití-itá	taití+N+ABS+PL
rakua	takua+N+CONT+SG
rakua-itá	takua+N+CONT+PL
sakua	takua+N+NCONT+SG
sakua-itá	takua+N+NCONT+PL
takua	takua+N+ABS+SG
takua-itá	takua+N+ABS+PL
takwara	takwara+N+SG
takwara-itá	takwara+N+PL
tamanduá	tamanduá+N+SG
tamanduá-itá	tamanduá+N+PL
tamuatá	tamuatá+N+SG
tamuatá-itá	tamuatá+N+PL
ramunha	tamunha+N+CONT+SG
ramunha-itá	tamunha+N+CONT+PL
samunha	tamunha+N+NCONT+SG
samunha-itá	tamunha+N+NCONT+PL
tamunha	tamunha+N+ABS+SG
tamunha-itá	tamunha+N+ABS+PL
tapekua	tapekua+N+SG
tapekua-itá	tapekua+N+PL
tapereiwá	tapereiwá+N+SG
tapereiwá-itá	tapereiwá+N+PL
tapiaka	tapiaka+N+SG
tapiaka-itá	tapiaka+N+PL
tapiíra	tapiíra+N+SG
tapiíra-itá	tapiíra+N+PL
rapixawa	tapixawa+N+CONT+SG
rapixawa-itá	tapixawa+N+CONT+PL
sapixawa	tapixawa+N+NCONT+SG
sapixawa-itá	tapixawa+N+NCONT+PL
tapixawa	tapixawa+N+ABS+SG
tapixawa-itá	tapixawa+N+ABS+PL
tariíra	tariíra+N+SG
tariíra-itá	tariíra+N+PL
ratá	tatá+N+CONT+SG
ratá-itá	tatá+N+CONT+PL
satá	tatá+N+NCONT+SG
satá-itá	tatá+N+NCONT+PL
tatá	tatá+N+ABS+SG
tatá-itá	tatá+N+ABS+PL
tatú	tatú+N+SG
tatú-itá	tatú+N+PL
-tawa	-tawa+SUFF
tawa	tawa+N+SG
tawa-itá	tawa+N+PL
rayera	tayera+N+CONT+SG
rayera-itá	tayera+N+CONT+PL
tayera	tayera+N+NCONT+SG
tayera-itá	tayera+N+NCONT+PL
tayera	tayera+N+ABS+SG
tayera-itá	tayera+N+ABS+PL
tẽ	tẽ+ADV
té	té+ADV
té	té+ADV
rembiwa	tembiwa+N+CONT+SG
rembiwa-itá	tembiwa+N+CONT+PL
sembiwa	tembiwa+N+NCONT+SG
sembiwa-itá	tembiwa+N+NCONT+PL
tembiwa	tembiwa+N+ABS+SG
tembiwa-itá	tembiwa+N+ABS+PL
rendawa	tendawa+N+CONT+SG
rendawa-itá	tendawa+N+CONT+PL
sendawa	tendawa+N+NCONT+SG
sendawa-itá	tendawa+N+NCONT+PL
tendawa	tendawa+N+ABS+SG
tendawa-itá	tendawa+N+ABS+PL
rendira	tendira+N+CONT+SG
rendira-itá	tendira+N+CONT+PL
sendira	tendira+N+NCONT+SG
sendira-itá	tendira+N+NCONT+PL
tendira	tendira+N+ABS+SG
tendira-itá	tendira+N+ABS+PL
tenhẽ	tenhẽ+ADV
tenhuntu	tenhuntu+ADV
repusí	tepusí+N+CONT+SG
repusí-itá	tepusí+N+CONT+PL
sepusí	tepusí+N+NCONT+SG
sepusí-itá	tepusí+N+NCONT+PL
tepusí	tepusí+N+ABS+SG
tepusí-itá	tepusí+N+ABS+PL
tepusimanha	tepusimanha+N+SG
tepusimanha-itá	tepusimanha+N+PL
tepusimanha	tepusimanha+A
teresemu	teresemu+A
retama	tetama+N+CONT+SG
retama-itá	tetama+N+CONT+PL
setama	tetama+N+NCONT+SG
setama-itá	tetama+N+NCONT+PL
tetama	tetama+N+ABS+SG
tetama-itá	tetama+N+ABS+PL
teyú	teyú+N+SG
teyú-itá	teyú+N+PL
tianha	tianha+N+SG
tianha-itá	tianha+N+PL
tiapú	tiapú+N+SG
tiapú-itá	tiapú+N+PL
tik!	tik!+INTJ
timaã	timaã+ADV
timbiú	timbiú+N+SG
timbiú-itá	timbiú+N+PL
tiní	tiní+A
tipiaka	tipiaka+N+SG
tipiaka-itá	tipiaka+N+PL
atipika	tipika+V+1+SG
retipika	tipika+V+2+SG
utipika	tipika+V+3
yatipika	tipika+V+1+PL
petipika	tipika+V+2+PL
tatipika	tipika+V+3+PL
tautipika	tipika+V+3+PL
tipití	tipití+N+SG
tipití-itá	tipití+N+PL
riputí	tiputí+N+CONT+SG
riputí-itá	tiputí+N+CONT+PL
siputí	tiputí+N+NCONT+SG
siputí-itá	tiputí+N+NCONT+PL
tiputí	tiputí+N+ABS+SG
tiputí-itá	tiputí+N+ABS+PL
atirika	tirika+V+1+SG
retirika	tirika+V+2+SG
utirika	tirika+V+3
yatirika	tirika+V+1+PL
petirika	tirika+V+2+PL
tatirika	tirika+V+3+PL
tautirika	tirika+V+3+PL
tĩsawa	tĩsawa+N+SG
tĩsawa-itá	tĩsawa+N+PL
atitika	titika+V+1+SG
retitika	titika+V+2+SG
utitika	titika+V+3
yatitika	titika+V+1+PL
petitika	titika+V+2+PL
tatitika	titika+V+3+PL
tautitika	titika+V+3+PL
-tiwa	-tiwa+SUFF
atuká	tuká+V+1+SG
retuká	tuká+V+2+SG
utuká	tuká+V+3
yatuká	tuká+V+1+PL
petuká	tuká+V+2+PL
tatuká	tuká+V+3+PL
tautuká	tuká+V+3+PL
tukana	tukana+N+SG
tukana-itá	tukana+N+PL
tukandira	tukandira+N+SG
tukandira-itá	tukandira+N+PL
tukano	tukano+N+SG
tukano-itá	tukano+N+PL
tukanu	tukanu+N+SG
tukanu-itá	tukanu+N+PL
Tupana	Tupana+N+SG
Tupana-itá	Tupana+N+PL
tupasá	tupasá+N+SG
tupasá-itá	tupasá+N+PL
turusú	turusú+A
tutira	tutira+N+SG
tutira-itá	tutira+N+PL
tuxawa	tuxawa+N+SG
tuxawa-itá	tuxawa+N+PL
tuyuka	tuyuka+N+SG
tuyuka-itá	tuyuka+N+PL
tuyuwé	tuyuwé+N+SG
tuyuwé-itá	tuyuwé+N+PL
tuyuwé	tuyuwé+A
wirá	wirá+N+SG
wirá-itá	wirá+N+PL
wiramirĩ	wiramirĩ+N+SG
wiramirĩ-itá	wiramirĩ+N+PL
wirandé	wirandé+ADV
wirarupí	wirarupí+ADP
wirawasú	wirawasú+N+SG
wirawasú-itá	wirawasú+N+PL
wirpe	wirpe+ADP
awitá	witá+V+1+SG
rewitá	witá+V+2+SG
uwitá	witá+V+3
yawitá	witá+V+1+PL
pewitá	witá+V+2+PL
tawitá	witá+V+3+PL
tauwitá	witá+V+3+PL
witú	witú+N+SG
witú-itá	witú+N+PL
awiyé	wiyé+V+1+SG
rewiyé	wiyé+V+2+SG
uwiyé	wiyé+V+3
yawiyé	wiyé+V+1+PL
pewiyé	wiyé+V+2+PL
tawiyé	wiyé+V+3+PL
tauwiyé	wiyé+V+3+PL
axari	xari+V+1+SG
rexari	xari+V+2+SG
uxari	xari+V+3
yaxari	xari+V+1+PL
pexari	xari+V+2+PL
taxari	xari+V+3+PL
tauxari	xari+V+3+PL
xibé	xibé+N+SG
xibé-itá	xibé+N+PL
xibuí	xibuí+N+SG
xibuí-itá	xibuí+N+PL
xinga	xinga+QUANT
xipú	xipú+N+SG
xipú-itá	xipú+N+PL
xirura	xirura+N+SG
xirura-itá	xirura+N+PL
xukúi	xukúi+V
xupé	xupé+ADP
u	u+CONJ
aú	ú+V+1+SG
reú	ú+V+2+SG
uú	ú+V+3
yaú	ú+V+1+PL
peú	ú+V+2+PL
taú	ú+V+3+PL
tauú	ú+V+3+PL
uã	uã+PART
uí	uí+N+SG
uí-itá	uí+N+PL
uií	uií+ADV
uíwa	uíwa+N+SG
uíwa-itá	uíwa+N+PL
ruka	uka+N+CONT+SG
ruka-itá	uka+N+CONT+PL
suka	uka+N+NCONT+SG
suka-itá	uka+N+NCONT+PL
uka	uka+N+ABS+SG
uka-itá	uka+N+ABS+PL
rukapí	ukapí+N+CONT+SG
rukapí-itá	ukapí+N+CONT+PL
sukapí	ukapí+N+NCONT+SG
sukapí-itá	ukapí+N+NCONT+PL
ukapí	ukapí+N+ABS+SG
ukapí-itá	ukapí+N+ABS+PL
uka-pupekasara	uka-pupekasara+N+SG
uka-pupekasara-itá	uka-pupekasara+N+PL
ukara	ukara+N+SG
ukara-itá	ukara+N+PL
ukáripe	ukáripe+ADV
ukáripe	ukáripe+ADP
ukawara	ukawara+N+SG
ukawara-itá	ukawara+N+PL
ukawara	ukawara+A
rukena	ukena+N+CONT+SG
rukena-itá	ukena+N+CONT+PL
sukena	ukena+N+NCONT+SG
sukena-itá	ukena+N+NCONT+PL
ukena	ukena+N+ABS+SG
ukena-itá	ukena+N+ABS+PL
umbaá	umbaá+ADV
upanhẽ	upanhẽ+QUANT
upé	upé+ADP
urubú	urubú+N+SG
urubú-itá	urubú+N+PL
urupema	urupema+N+SG
urupema-itá	urupema+N+PL
-usú	-usú+SUFF
waá	waá+REL
waimĩ	waimĩ+N+SG
waimĩ-itá	waimĩ+N+PL
waimĩ	waimĩ+A
wana	wana+PART
awapika	wapika+V+1+SG
rewapika	wapika+V+2+SG
uwapika	wapika+V+3
yawapika	wapika+V+1+PL
pewapika	wapika+V+2+PL
tawapika	wapika+V+3+PL
tauwapika	wapika+V+3+PL
-wara	-wara+SUFF
awari	wari+V+1+SG
rewari	wari+V+2+SG
uwari	wari+V+3
yawari	wari+V+1+PL
pewari	wari+V+2+PL
tawari	wari+V+3+PL
tauwari	wari+V+3+PL
waruá	waruá+N+SG
waruá-itá	waruá+N+PL
awasemu	wasemu+V+1+SG
rewasemu	wasemu+V+2+SG
uwasemu	wasemu+V+3
yawasemu	wasemu+V+1+PL
pewasemu	wasemu+V+2+PL
tawasemu	wasemu+V+3+PL
tauwasemu	wasemu+V+3+PL
-wasú	-wasú+SUFF
awatá	watá+V+1+SG
rewatá	watá+V+2+SG
uwatá	watá+V+3
yawatá	watá+V+1+PL
pewatá	watá+V+2+PL
tawatá	watá+V+3+PL
tauwatá	watá+V+3+PL
watasara	watasara+N+SG
watasara-itá	watasara+N+PL
watasawa	watasawa+N+SG
watasawa-itá	watasawa+N+PL
awatá-watá	watá-watá+V+1+SG
rewatá-watá	watá-watá+V+2+SG
uwatá-watá	watá-watá+V+3
yawatá-watá	watá-watá+V+1+PL
pewatá-watá	watá-watá+V+2+PL
tawatá-watá	watá-watá+V+3+PL
tauwatá-watá	watá-watá+V+3+PL
wawirú	wawirú+N+SG
wawirú-itá	wawirú+N+PL
-wera	-wera+SUFF
awerá	werá+V+1+SG
rewerá	werá+V+2+SG
uwerá	werá+V+3
yawerá	werá+V+1+PL
pewerá	werá+V+2+PL
tawerá	werá+V+3+PL
tauwerá	werá+V+3+PL
awewé	wewé+V+1+SG
rewewé	wewé+V+2+SG
uwewé	wewé+V+3
yawewé	wewé+V+1+PL
pewewé	wewé+V+2+PL
tawewé	wewé+V+3+PL
tauwewé	wewé+V+3+PL
awiké	wiké+V+1+SG
rewiké	wiké+V+2+SG
uwiké	wiké+V+3
yawiké	wiké+V+1+PL
pewiké	wiké+V+2+PL
tawiké	wiké+V+3+PL
tauwiké	wiké+V+3+PL
ayakáu	yakáu+V+1+SG
reyakáu	yakáu+V+2+SG
uyakáu	yakáu+V+3
yayakáu	yakáu+V+1+PL
peyakáu	yakáu+V+2+PL
tayakáu	yakáu+V+3+PL
tauyakáu	yakáu+V+3+PL
yakumã	yakumã+N+SG
yakumã-itá	yakumã+N+PL
yamaxí	yamaxí+N+SG
yamaxí-itá	yamaxí+N+PL
ayamĩ	yamĩ+V+1+SG
reyamĩ	yamĩ+V+2+SG
uyamĩ	yamĩ+V+3
yayamĩ	yamĩ+V+1+PL
peyamĩ	yamĩ+V+2+PL
tayamĩ	yamĩ+V+3+PL
tauyamĩ	yamĩ+V+3+PL
ayana	yana+V+1+SG
reyana	yana+V+2+SG
uyana	yana+V+3
yayana	yana+V+1+PL
peyana	yana+V+2+PL
tayana	yana+V+3+PL
tauyana	yana+V+3+PL
yandé	yandé+PRON
yandú	yandú+N+SG
yandú-itá	yandú+N+PL
yané	yané+PRON2
yanomami	yanomami+N+SG
yanomami-itá	yanomami+N+PL
ayapukúi	yapukúi+V+1+SG
reyapukúi	yapukúi+V+2+SG
uyapukúi	yapukúi+V+3
yayapukúi	yapukúi+V+1+PL
peyapukúi	yapukúi+V+2+PL
tayapukúi	yapukúi+V+3+PL
tauyapukúi	yapukúi+V+3+PL
ayapumi	yapumi+V+1+SG
reyapumi	yapumi+V+2+SG
uyapumi	yapumi+V+3
yayapumi	yapumi+V+1+PL
peyapumi	yapumi+V+2+PL
tayapumi	yapumi+V+3+PL
tauyapumi	yapumi+V+3+PL
yapuna	yapuna+N+SG
yapuna-itá	yapuna+N+PL
yapurá	yapurá+N+SG
yapurá-itá	yapurá+N+PL
yara	yara+N+SG
yara-itá	yara+N+PL
yara	yara+PART
yasí	yasí+N+SG
yasí-itá	yasí+N+PL
ayatiká	yatiká+V+1+SG
reyatiká	yatiká+V+2+SG
uyatiká	yatiká+V+3
yayatiká	yatiká+V+1+PL
peyatiká	yatiká+V+2+PL
tayatiká	yatiká+V+3+PL
tauyatiká	yatiká+V+3+PL
ayatikú	yatikú+V+1+SG
reyatikú	yatikú+V+2+SG
uyatikú	yatikú+V+3
yayatikú	yatikú+V+1+PL
peyatikú	yatikú+V+2+PL
tayatikú	yatikú+V+3+PL
tauyatikú	yatikú+V+3+PL
yautí	yautí+N+SG
yautí-itá	yautí+N+PL
yawara	yawara+N+SG
yawara-itá	yawara+N+PL
yawareté	yawareté+N+SG
yawareté-itá	yawareté+N+PL
yawarí	yawarí+N+SG
yawarí-itá	yawarí+N+PL
ayawáu	yawáu+V+1+SG
reyawáu	yawáu+V+2+SG
uyawáu	yawáu+V+3
yayawáu	yawáu+V+1+PL
peyawáu	yawáu+V+2+PL
tayawáu	yawáu+V+3+PL
tauyawáu	yawáu+V+3+PL
yawerã	yawerã+CONJ
ayaxiú	yaxiú+V+1+SG
reyaxiú	yaxiú+V+2+SG
uyaxiú	yaxiú+V+3
yayaxiú	yaxiú+V+1+PL
peyaxiú	yaxiú+V+2+PL
tayaxiú	yaxiú+V+3+PL
tauyaxiú	yaxiú+V+3+PL
yaxiusawa	yaxiusawa+N+SG
yaxiusawa-itá	yaxiusawa+N+PL
ayenũ	yenũ+V+1+SG
reyenũ	yenũ+V+2+SG
uyenũ	yenũ+V+3
yayenũ	yenũ+V+1+PL
peyenũ	yenũ+V+2+PL
tayenũ	yenũ+V+3+PL
tauyenũ	yenũ+V+3+PL
yepé	yepé+ART
yepé	yepé+CONJ
yepé	yepé+NUM
yepé	yepé+PART
yepeasú	yepeasú+A
yepeasú	yepeasú+ADV
yepeawa	yepeawa+N+SG
yepeawa-itá	yepeawa+N+PL
yepepú	yepepú+NUM
yepepusawa	yepepusawa+NUM
yeperesé	yeperesé+ADV
yepesawa	yepesawa+NUM
yepé-yepé	yepé-yepé+QUANT
ayeréu	yeréu+V+1+SG
reyeréu	yeréu+V+2+SG
uyeréu	yeréu+V+3
yayeréu	yeréu+V+1+PL
peyeréu	yeréu+V+2+PL
tayeréu	yeréu+V+3+PL
tauyeréu	yeréu+V+3+PL
yerimũ	yerimũ+N+SG
yerimũ-itá	yerimũ+N+PL
yuíri	yuíri+ADV
yuíri	yuíri+CONJ
ayuíri	yuíri+V+1+SG
reyuíri	yuíri+V+2+SG
uyuíri	yuíri+V+3
yayuíri	yuíri+V+1+PL
peyuíri	yuíri+V+2+PL
tayuíri	yuíri+V+3+PL
tauyuíri	yuíri+V+3+PL
ayuka	yuka+V+1+SG
reyuka	yuka+V+2+SG
uyuka	yuka+V+3
yayuka	yuka+V+1+PL
peyuka	yuka+V+2+PL
tayuka	yuka+V+3+PL
tauyuka	yuka+V+3+PL
ayuká	yuká+V+1+SG
reyuká	yuká+V+2+SG
uyuká	yuká+V+3
yayuká	yuká+V+1+PL
peyuká	yuká+V+2+PL
tayuká	yuká+V+3+PL
tauyuká	yuká+V+3+PL
ayukataka	yukataka+V+1+SG
reyukataka	yukataka+V+2+SG
uyukataka	yukataka+V+3
yayukataka	yukataka+V+1+PL
peyukataka	yukataka+V+2+PL
tayukataka	yukataka+V+3+PL
tauyukataka	yukataka+V+3+PL
yukira	yukira+N+SG
yukira-itá	yukira+N+PL
yukisé	yukisé+N+SG
yukisé-itá	yukisé+N+PL
yukwakú	yukwakú+N+SG
yukwakú-itá	yukwakú+N+PL
yukwakusawa	yukwakusawa+N+SG
yukwakusawa-itá	yukwakusawa+N+PL
ayukwáu	yukwáu+V+1+SG
reyukwáu	yukwáu+V+2+SG
uyukwáu	yukwáu+V+3
yayukwáu	yukwáu+V+1+PL
peyukwáu	yukwáu+V+2+PL
tayukwáu	yukwáu+V+3+PL
tauyukwáu	yukwáu+V+3+PL
ayumaã	yumaã+V+1+SG
reyumaã	yumaã+V+2+SG
uyumaã	yumaã+V+3
yayumaã	yumaã+V+1+PL
peyumaã	yumaã+V+2+PL
tayumaã	yumaã+V+3+PL
tauyumaã	yumaã+V+3+PL
ayumana	yumana+V+1+SG
reyumana	yumana+V+2+SG
uyumana	yumana+V+3
yayumana	yumana+V+1+PL
peyumana	yumana+V+2+PL
tayumana	yumana+V+3+PL
tauyumana	yumana+V+3+PL
yumasí	yumasí+A2
yumasisawa	yumasisawa+N+SG
yumasisawa-itá	yumasisawa+N+PL
ayumbué	yumbué+V+1+SG
reyumbué	yumbué+V+2+SG
uyumbué	yumbué+V+3
yayumbué	yumbué+V+1+PL
peyumbué	yumbué+V+2+PL
tayumbué	yumbué+V+3+PL
tauyumbué	yumbué+V+3+PL
ayumbué	yumbué+V+1+SG
reyumbué	yumbué+V+2+SG
uyumbué	yumbué+V+3
yayumbué	yumbué+V+1+PL
peyumbué	yumbué+V+2+PL
tayumbué	yumbué+V+3+PL
tauyumbué	yumbué+V+3+PL
yumbuesara	yumbuesara+N+SG
yumbuesara-itá	yumbuesara+N+PL
ayumeẽ	yumeẽ+V+1+SG
reyumeẽ	yumeẽ+V+2+SG
uyumeẽ	yumeẽ+V+3
yayumeẽ	yumeẽ+V+1+PL
peyumeẽ	yumeẽ+V+2+PL
tayumeẽ	yumeẽ+V+3+PL
tauyumeẽ	yumeẽ+V+3+PL
ayumimi	yumimi+V+1+SG
reyumimi	yumimi+V+2+SG
uyumimi	yumimi+V+3
yayumimi	yumimi+V+1+PL
peyumimi	yumimi+V+2+PL
tayumimi	yumimi+V+3+PL
tauyumimi	yumimi+V+3+PL
ayumũ	yumũ+V+1+SG
reyumũ	yumũ+V+2+SG
uyumũ	yumũ+V+3
yayumũ	yumũ+V+1+PL
peyumũ	yumũ+V+2+PL
tayumũ	yumũ+V+3+PL
tauyumũ	yumũ+V+3+PL
ayumuakú	yumuakú+V+1+SG
reyumuakú	yumuakú+V+2+SG
uyumuakú	yumuakú+V+3
yayumuakú	yumuakú+V+1+PL
peyumuakú	yumuakú+V+2+PL
tayumuakú	yumuakú+V+3+PL
tauyumuakú	yumuakú+V+3+PL
ayumuapatuka	yumuapatuka+V+1+SG
reyumuapatuka	yumuapatuka+V+2+SG
uyumuapatuka	yumuapatuka+V+3
yayumuapatuka	yumuapatuka+V+1+PL
peyumuapatuka	yumuapatuka+V+2+PL
tayumuapatuka	yumuapatuka+V+3+PL
tauyumuapatuka	yumuapatuka+V+3+PL
ayumuatiri	yumuatiri+V+1+SG
reyumuatiri	yumuatiri+V+2+SG
uyumuatiri	yumuatiri+V+3
yayumuatiri	yumuatiri+V+1+PL
peyumuatiri	yumuatiri+V+2+PL
tayumuatiri	yumuatiri+V+3+PL
tauyumuatiri	yumuatiri+V+3+PL
ayumunani	yumunani+V+1+SG
reyumunani	yumunani+V+2+SG
uyumunani	yumunani+V+3
yayumunani	yumunani+V+1+PL
peyumunani	yumunani+V+2+PL
tayumunani	yumunani+V+3+PL
tauyumunani	yumunani+V+3+PL
ayumunhã	yumunhã+V+1+SG
reyumunhã	yumunhã+V+2+SG
uyumunhã	yumunhã+V+3
yayumunhã	yumunhã+V+1+PL
peyumunhã	yumunhã+V+2+PL
tayumunhã	yumunhã+V+3+PL
tauyumunhã	yumunhã+V+3+PL
ayumuperewa	yumuperewa+V+1+SG
reyumuperewa	yumuperewa+V+2+SG
uyumuperewa	yumuperewa+V+3
yayumuperewa	yumuperewa+V+1+PL
peyumuperewa	yumuperewa+V+2+PL
tayumuperewa	yumuperewa+V+3+PL
tauyumuperewa	yumuperewa+V+3+PL
ayumuruakí	yumuruakí+V+1+SG
reyumuruakí	yumuruakí+V+2+SG
uyumuruakí	yumuruakí+V+3
yayumuruakí	yumuruakí+V+1+PL
peyumuruakí	yumuruakí+V+2+PL
tayumuruakí	yumuruakí+V+3+PL
tauyumuruakí	yumuruakí+V+3+PL
ayumusé	yumusé+V+1+SG
reyumusé	yumusé+V+2+SG
uyumusé	yumusé+V+3
yayumusé	yumusé+V+1+PL
peyumusé	yumusé+V+2+PL
tayumusé	yumusé+V+3+PL
tauyumusé	yumusé+V+3+PL
ayumuyeréu	yumuyeréu+V+1+SG
reyumuyeréu	yumuyeréu+V+2+SG
uyumuyeréu	yumuyeréu+V+3
yayumuyeréu	yumuyeréu+V+1+PL
peyumuyeréu	yumuyeréu+V+2+PL
tayumuyeréu	yumuyeréu+V+3+PL
tauyumuyeréu	yumuyeréu+V+3+PL
yupatí	yupatí+N+SG
yupatí-itá	yupatí+N+PL
ayupiri	yupiri+V+1+SG
reyupiri	yupiri+V+2+SG
uyupiri	yupiri+V+3
yayupiri	yupiri+V+1+PL
peyupiri	yupiri+V+2+PL
tayupiri	yupiri+V+3+PL
tauyupiri	yupiri+V+3+PL
yupirisawa	yupirisawa+N+SG
yupirisawa-itá	yupirisawa+N+PL
ayupirú	yupirú+V+1+SG
reyupirú	yupirú+V+2+SG
uyupirú	yupirú+V+3
yayupirú	yupirú+V+1+PL
peyupirú	yupirú+V+2+PL
tayupirú	yupirú+V+3+PL
tauyupirú	yupirú+V+3+PL
ayupiruka	yupiruka+V+1+SG
reyupiruka	yupiruka+V+2+SG
uyupiruka	yupiruka+V+3
yayupiruka	yupiruka+V+1+PL
peyupiruka	yupiruka+V+2+PL
tayupiruka	yupiruka+V+3+PL
tauyupiruka	yupiruka+V+3+PL
yupirungawa	yupirungawa+N+SG
yupirungawa-itá	yupirungawa+N+PL
ayupukwari	yupukwari+V+1+SG
reyupukwari	yupukwari+V+2+SG
uyupukwari	yupukwari+V+3
yayupukwari	yupukwari+V+1+PL
peyupukwari	yupukwari+V+2+PL
tayupukwari	yupukwari+V+3+PL
tauyupukwari	yupukwari+V+3+PL
ayupukwáu	yupukwáu+V+1+SG
reyupukwáu	yupukwáu+V+2+SG
uyupukwáu	yupukwáu+V+3
yayupukwáu	yupukwáu+V+1+PL
peyupukwáu	yupukwáu+V+2+PL
tayupukwáu	yupukwáu+V+3+PL
tauyupukwáu	yupukwáu+V+3+PL
yurá	yurá+N+SG
yurá-itá	yurá+N+PL
ayuráu	yuráu+V+1+SG
reyuráu	yuráu+V+2+SG
uyuráu	yuráu+V+3
yayuráu	yuráu+V+1+PL
peyuráu	yuráu+V+2+PL
tayuráu	yuráu+V+3+PL
tauyuráu	yuráu+V+3+PL
ayuri	yuri+V+1+SG
reyuri	yuri+V+2+SG
yayuri	yuri+V+1+PL
peyuri	yuri+V+2+PL
uri	yuri+V+3
yurú	yurú+N+SG
yurú-itá	yurú+N+PL
ayuruari	yuruari+V+1+SG
reyuruari	yuruari+V+2+SG
uyuruari	yuruari+V+3
yayuruari	yuruari+V+1+PL
peyuruari	yuruari+V+2+PL
tayuruari	yuruari+V+3+PL
tauyuruari	yuruari+V+3+PL
Yuruparí	Yuruparí+N+SG
Yuruparí-itá	Yuruparí+N+PL
ayururéu	yururéu+V+1+SG
reyururéu	yururéu+V+2+SG
uyururéu	yururéu+V+3
yayururéu	yururéu+V+1+PL
peyururéu	yururéu+V+2+PL
tayururéu	yururéu+V+3+PL
tauyururéu	yururéu+V+3+PL
ayusãi	yusãi+V+1+SG
reyusãi	yusãi+V+2+SG
uyusãi	yusãi+V+3
yayusãi	yusãi+V+1+PL
peyusãi	yusãi+V+2+PL
tayusãi	yusãi+V+3+PL
tauyusãi	yusãi+V+3+PL
ayusí	yusí+V+1+SG
reyusí	yusí+V+2+SG
uyusí	yusí+V+3
yayusí	yusí+V+1+PL
peyusí	yusí+V+2+PL
tayusí	yusí+V+3+PL
tauyusí	yusí+V+3+PL
yusí	yusí+A2
ayusikié	yusikié+V+1+SG
reyusikié	yusikié+V+2+SG
uyusikié	yusikié+V+3
yayusikié	yusikié+V+1+PL
peyusikié	yusikié+V+2+PL
tayusikié	yusikié+V+3+PL
tauyusikié	yusikié+V+3+PL
ayutima	yutima+V+1+SG
reyutima	yutima+V+2+SG
uyutima	yutima+V+3
yayutima	yutima+V+1+PL
peyutima	yutima+V+2+PL
tayutima	yutima+V+3+PL
tauyutima	yutima+V+3+PL
ayutuká	yutuká+V+1+SG
reyutuká	yutuká+V+2+SG
uyutuká	yutuká+V+3
yayutuká	yutuká+V+1+PL
peyutuká	yutuká+V+2+PL
tayutuká	yutuká+V+3+PL
tauyutuká	yutuká+V+3+PL
yuwá	yuwá+N+SG
yuwá-itá	yuwá+N+PL
